Diario,Da de la Semana,Mes,Pedidos,Facturacin,Ingreso neto,Coste producto,Coste envo y embalaje,Coste forma de pago,Beneficio,Carrito Medio,Coste Producto Medio,B¼ por Venta
2022-01-01,sbado,enero,62,"3.240,86 ","2.650,79 ","1.436,20 ","351,99 ","49,75 ","810,06 ","52,27 ","23,16 ","13,07 "
2022-02-01,domingo,enero,99,"5.665,29 ","4.727,17 ","2.711,51 ","484,61 ","77,95 ","1.453,10 ","57,23 ","27,39 ","14,68 "
2022-03-01,lunes,enero,165,"8.575,63 ","7.037,96 ","3.877,56 ","748,99 ","101,05 ","2.300,06 ","51,97 ","23,50 ","13,94 "
2022-04-01,martes,enero,125,"5.925,75 ","4.882,08 ","2.697,36 ","672,86 ","81,46 ","1.421,27 ","47,41 ","21,58 ","11,37 "
2022-05-01,mircoles,enero,96,"5.430,73 ","4.512,06 ","2.561,30 ","487,38 ","79,91 ","1.374,89 ","56,57 ","26,68 ","14,32 "
2022-06-01,jueves,enero,62,"3.731,11 ","3.108,42 ","1.807,78 ","355,92 ","50,74 ","893,99 ","60,18 ","29,16 ","14,42 "
2022-07-01,viernes,enero,66,"3.867,61 ","3.207,01 ","1.740,96 ","334,79 ","52,01 ","1.079,25 ","58,60 ","26,38 ","16,35 "
2022-08-01,sbado,enero,59,"2.602,48 ","2.161,98 ","1.132,46 ","308,89 ","36,09 ","684,55 ","44,11 ","19,19 ","11,60 "
2022-09-01,domingo,enero,64,"3.882,98 ","3.258,11 ","1.808,84 ","314,04 ","49,90 ","1.085,37 ","60,67 ","28,26 ","16,96 "
2022-10-01,lunes,enero,80,"4.532,28 ","3.798,63 ","2.106,84 ","410,63 ","64,63 ","1.216,57 ","56,65 ","26,34 ","15,21 "
2022-11-01,martes,enero,101,"5.649,15 ","4.729,67 ","2.647,07 ","409,84 ","76,39 ","1.590,23 ","55,93 ","26,21 ","15,74 "
2022-12-01,mircoles,enero,68,"3.300,62 ","2.782,80 ","1.495,71 ","318,45 ","48,64 ","913,88 ","48,54 ","22,00 ","13,44 "
2022-01-13,jueves,enero,86,"4.518,16 ","3.688,62 ","2.055,74 ","384,46 ","53,02 ","1.181,70 ","52,54 ","23,90 ","13,74 "
2022-01-14,viernes,enero,54,"2.536,86 ","2.058,98 ","1.113,93 ","268,20 ","34,76 ","639,71 ","46,98 ","20,63 ","11,85 "
2022-01-15,sbado,enero,47,"2.607,88 ","2.193,14 ","1.177,97 ","270,35 ","42,91 ","701,93 ","55,49 ","25,06 ","14,93 "
2022-01-16,domingo,enero,62,"3.216,91 ","2.650,22 ","1.520,72 ","302,83 ","43,23 ","781,05 ","51,89 ","24,53 ","12,60 "
2022-01-17,lunes,enero,90,"4.742,38 ","3.939,66 ","2.093,74 ","410,77 ","64,83 ","1.367,94 ","52,69 ","23,26 ","15,20 "
2022-01-18,martes,enero,90,"4.214,99 ","3.544,72 ","1.932,03 ","409,16 ","62,19 ","1.138,94 ","46,83 ","21,47 ","12,65 "
2022-01-19,mircoles,enero,73,"3.628,60 ","3.071,93 ","1.803,98 ","269,35 ","69,17 ","929,43 ","49,71 ","24,71 ","12,73 "
2022-01-20,jueves,enero,82,"4.759,27 ","3.949,73 ","2.220,53 ","378,42 ","66,84 ","1.281,55 ","58,04 ","27,08 ","15,63 "
2022-01-21,viernes,enero,76,"4.127,43 ","3.406,58 ","1.858,41 ","370,72 ","51,70 ","1.123,34 ","54,31 ","24,45 ","14,78 "
2022-01-22,sbado,enero,41,"2.611,45 ","2.173,54 ","1.206,80 ","306,21 ","48,88 ","611,61 ","63,69 ","29,43 ","14,92 "
2022-01-23,domingo,enero,65,"3.777,11 ","3.189,63 ","1.702,00 ","445,82 ","55,67 ","986,12 ","58,11 ","26,18 ","15,17 "
2022-01-24,lunes,enero,68,"3.428,21 ","2.786,24 ","1.540,66 ","316,19 ","49,39 ","875,22 ","50,41 ","22,66 ","12,87 "
2022-01-25,martes,enero,74,"4.411,75 ","3.648,97 ","1.951,61 ","390,15 ","53,29 ","1.253,92 ","59,62 ","26,37 ","16,94 "
2022-01-26,mircoles,enero,71,"3.839,02 ","3.230,56 ","1.885,59 ","369,40 ","51,08 ","924,51 ","54,07 ","26,56 ","13,02 "
2022-01-27,jueves,enero,74,"4.456,81 ","3.665,21 ","2.177,04 ","281,96 ","56,72 ","1.147,12 ","60,23 ","29,42 ","15,50 "
2022-01-28,viernes,enero,65,"3.563,39 ","2.871,88 ","1.474,36 ","322,02 ","56,89 ","998,07 ","54,82 ","22,68 ","15,35 "
2022-01-29,sbado,enero,37,"2.291,80 ","1.885,44 ","1.000,45 ","175,88 ","31,78 ","599,29 ","61,94 ","27,04 ","16,20 "
2022-01-30,domingo,enero,56,"3.115,93 ","2.591,47 ","1.376,97 ","266,03 ","49,52 ","898,97 ","55,64 ","24,59 ","16,05 "
2022-01-31,lunes,enero,79,"4.686,57 ","3.897,68 ","2.234,40 ","305,23 ","63,25 ","1.294,87 ","59,32 ","28,28 ","16,39 "
2022-01-02,martes,febrero,82,"5.000,58 ","4.167,56 ","2.318,24 ","436,31 ","70,61 ","1.342,42 ","60,98 ","28,27 ","16,37 "
2022-02-02,mircoles,febrero,102,"5.236,17 ","4.428,70 ","2.488,81 ","490,74 ","53,58 ","1.395,63 ","51,34 ","24,40 ","13,68 "
2022-03-02,jueves,febrero,90,"5.159,32 ","4.159,80 ","2.460,06 ","478,36 ","66,88 ","1.125,06 ","57,33 ","27,33 ","12,50 "
2022-04-02,viernes,febrero,84,"4.462,54 ","3.602,05 ","1.962,16 ","431,75 ","56,08 ","1.139,99 ","53,13 ","23,36 ","13,57 "
2022-05-02,sbado,febrero,70,"4.314,75 ","3.609,72 ","2.052,66 ","395,21 ","60,33 ","1.101,53 ","61,64 ","29,32 ","15,74 "
2022-06-02,domingo,febrero,103,"6.257,72 ","5.190,62 ","2.955,63 ","518,65 ","92,59 ","1.619,03 ","60,75 ","28,70 ","15,72 "
2022-07-02,lunes,febrero,150,"7.453,36 ","6.093,82 ","3.274,12 ","859,23 ","105,60 ","1.843,59 ","49,69 ","21,83 ","12,29 "
2022-08-02,martes,febrero,110,"6.043,28 ","5.079,35 ","3.001,13 ","524,32 ","79,18 ","1.474,76 ","54,94 ","27,28 ","13,41 "
2022-09-02,mircoles,febrero,132,"7.985,25 ","6.688,53 ","3.762,54 ","658,38 ","120,25 ","2.147,33 ","60,49 ","28,50 ","16,27 "
2022-10-02,jueves,febrero,119,"6.914,66 ","5.784,02 ","3.121,62 ","603,58 ","118,78 ","1.940,06 ","58,11 ","26,23 ","16,30 "
2022-11-02,viernes,febrero,92,"6.090,69 ","4.822,57 ","2.598,05 ","511,98 ","63,94 ","1.638,92 ","66,20 ","28,24 ","17,81 "
2022-12-02,sbado,febrero,73,"3.903,46 ","3.254,26 ","1.707,32 ","353,60 ","63,12 ","1.127,81 ","53,47 ","23,39 ","15,45 "
2022-02-13,domingo,febrero,74,"3.985,27 ","3.227,50 ","1.813,96 ","383,79 ","46,87 ","980,47 ","53,86 ","24,51 ","13,25 "
2022-02-14,lunes,febrero,116,"5.593,62 ","4.420,33 ","2.422,15 ","502,76 ","66,55 ","1.421,68 ","48,22 ","20,88 ","12,26 "
2022-02-15,martes,febrero,86,"4.714,22 ","3.873,99 ","2.011,53 ","422,69 ","57,84 ","1.375,32 ","54,82 ","23,39 ","15,99 "
2022-02-16,mircoles,febrero,79,"4.536,46 ","3.899,86 ","1.967,51 ","467,13 ","67,02 ","1.393,42 ","57,42 ","24,91 ","17,64 "
2022-02-17,jueves,febrero,54,"3.001,30 ","2.474,95 ","1.227,24 ","312,83 ","46,31 ","881,63 ","55,58 ","22,73 ","16,33 "
2022-02-18,viernes,febrero,54,"3.372,84 ","2.790,78 ","1.610,62 ","230,88 ","56,68 ","890,18 ","62,46 ","29,83 ","16,48 "
2022-02-19,sbado,febrero,38,"2.622,82 ","2.191,06 ","1.130,34 ","319,48 ","41,76 ","699,42 ","69,02 ","29,75 ","18,41 "
2022-02-20,domingo,febrero,39,"3.033,86 ","2.531,28 ","1.343,21 ","237,87 ","46,68 ","903,52 ","77,79 ","34,44 ","23,17 "
2022-02-21,lunes,febrero,76,"4.422,85 ","3.740,02 ","2.034,88 ","334,55 ","77,17 ","1.293,40 ","58,20 ","26,77 ","17,02 "
2022-02-22,martes,febrero,60,"2.538,92 ","2.073,35 ","1.104,25 ","266,60 ","41,13 ","650,74 ","42,32 ","18,40 ","10,85 "
2022-02-23,mircoles,febrero,60,"3.510,43 ","2.906,61 ","1.810,54 ","223,29 ","57,99 ","812,43 ","58,51 ","30,18 ","13,54 "
2022-02-24,jueves,febrero,50,"3.546,14 ","2.869,85 ","1.672,14 ","270,15 ","55,37 ","869,86 ","70,92 ","33,44 ","17,40 "
2022-02-25,viernes,febrero,36,"1.995,79 ","1.619,56 ","857,18 ","276,97 ","20,68 ","462,33 ","55,44 ","23,81 ","12,84 "
2022-02-26,sbado,febrero,32,"2.135,69 ","1.786,48 ","938,96 ","144,94 ","49,44 ","653,16 ","66,74 ","29,34 ","20,41 "
2022-02-27,domingo,febrero,53,"2.868,75 ","2.335,62 ","1.232,16 ","420,19 ","35,51 ","645,37 ","54,13 ","23,25 ","12,18 "
2022-02-28,lunes,febrero,69,"3.490,64 ","2.935,03 ","1.488,97 ","432,24 ","53,47 ","960,38 ","50,59 ","21,58 ","13,92 "
2022-01-03,martes,marzo,44,"2.616,77 ","2.100,51 ","1.203,01 ","213,99 ","38,41 ","642,58 ","59,47 ","27,34 ","14,60 "
2022-02-03,mircoles,marzo,55,"2.674,61 ","2.228,80 ","1.290,57 ","195,88 ","34,11 ","708,19 ","48,63 ","23,46 ","12,88 "
2022-03-03,jueves,marzo,68,"3.441,51 ","2.780,29 ","1.502,77 ","269,00 ","51,94 ","951,79 ","50,61 ","22,10 ","14,00 "
2022-04-03,viernes,marzo,39,"1.727,15 ","1.425,72 ","730,70 ","186,16 ","25,57 ","480,88 ","44,29 ","18,74 ","12,33 "
2022-05-03,sbado,marzo,41,"2.413,87 ","1.998,92 ","1.127,72 ","210,71 ","32,25 ","625,86 ","58,87 ","27,51 ","15,26 "
2022-06-03,domingo,marzo,37,"2.096,10 ","1.690,27 ","984,59 ","207,15 ","21,86 ","471,93 ","56,65 ","26,61 ","12,75 "
2022-07-03,lunes,marzo,57,"3.290,10 ","2.683,20 ","1.568,24 ","321,54 ","38,77 ","749,91 ","57,72 ","27,51 ","13,16 "
2022-08-03,martes,marzo,44,"2.559,68 ","2.138,55 ","1.255,16 ","217,76 ","27,43 ","635,83 ","58,17 ","28,53 ","14,45 "
2022-09-03,mircoles,marzo,62,"3.147,31 ","2.601,31 ","1.373,02 ","314,22 ","48,58 ","865,51 ","50,76 ","22,15 ","13,96 "
2022-10-03,jueves,marzo,47,"2.674,26 ","2.232,50 ","1.063,69 ","249,74 ","38,64 ","880,46 ","56,90 ","22,63 ","18,73 "
2022-11-03,viernes,marzo,36,"2.128,77 ","1.799,96 ","942,70 ","195,42 ","27,69 ","634,16 ","59,13 ","26,19 ","17,62 "
2022-12-03,sbado,marzo,19,"1.031,46 ","882,32 ","448,55 ","134,58 ","11,69 ","287,49 ","54,29 ","23,61 ","15,13 "
2022-03-13,domingo,marzo,33,"1.843,92 ","1.506,19 ","844,99 ","145,58 ","24,09 ","483,43 ","55,88 ","25,61 ","14,65 "
2022-03-14,lunes,marzo,33,"1.838,89 ","1.252,00 ","698,17 ","160,12 ","22,51 ","322,57 ","55,72 ","21,16 ","9,77 "
2022-03-15,martes,marzo,34,"1.797,84 ","1.460,16 ","687,00 ","207,08 ","29,87 ","525,79 ","52,88 ","20,21 ","15,46 "
2022-03-16,mircoles,marzo,28,"1.562,74 ","1.353,73 ","648,84 ","158,59 ","26,46 ","519,86 ","55,81 ","23,17 ","18,57 "
2022-03-17,jueves,marzo,29,"1.383,70 ","1.147,96 ","580,58 ","136,40 ","25,05 ","405,92 ","47,71 ","20,02 ","14,00 "
2022-03-18,viernes,marzo,23,"1.420,78 ","1.179,38 ","587,31 ","116,45 ","19,45 ","456,15 ","61,77 ","25,54 ","19,83 "
2022-03-19,sbado,marzo,17,"1.069,74 ","911,80 ","473,47 ","113,75 ","13,23 ","311,35 ","62,93 ","27,85 ","18,31 "
2022-03-20,domingo,marzo,26,"1.927,39 ","1.606,42 ","798,13 ","160,62 ","20,14 ","627,53 ","74,13 ","30,70 ","24,14 "
2022-03-21,lunes,marzo,31,"1.658,22 ","1.318,30 ","698,82 ","177,40 ","15,51 ","424,09 ","53,49 ","22,54 ","13,68 "
2022-03-22,martes,marzo,36,"2.305,02 ","1.913,72 ","1.047,08 ","216,20 ","27,47 ","622,97 ","64,03 ","29,09 ","17,30 "
2022-03-23,mircoles,marzo,26,"1.266,74 ","1.047,32 ","663,83 ","178,38 ","14,41 ","190,74 ","48,72 ","25,53 ","7,34 "
2022-03-24,jueves,marzo,34,"1.625,17 ","1.359,43 ","675,72 ","276,16 ","20,74 ","386,85 ","47,80 ","19,87 ","11,38 "
2022-03-25,viernes,marzo,31,"2.027,51 ","1.726,77 ","1.031,25 ","216,66 ","22,82 ","456,03 ","65,40 ","33,27 ","14,71 "
2022-03-26,sbado,marzo,34,"1.656,33 ","1.361,30 ","755,87 ","209,46 ","19,91 ","375,99 ","48,72 ","22,23 ","11,06 "
2022-03-27,domingo,marzo,24,"1.374,79 ","1.134,29 ","597,22 ","154,41 ","19,62 ","363,03 ","57,28 ","24,88 ","15,13 "
2022-03-28,lunes,marzo,56,"3.302,26 ","2.780,39 ","1.541,53 ","289,20 ","35,04 ","914,61 ","58,97 ","27,53 ","16,33 "
2022-03-29,martes,marzo,45,"3.015,53 ","2.541,86 ","1.455,62 ","257,27 ","36,71 ","792,29 ","67,01 ","32,35 ","17,61 "
2022-03-30,mircoles,marzo,47,"2.613,65 ","2.181,97 ","1.299,73 ","200,95 ","38,89 ","642,38 ","55,61 ","27,65 ","13,67 "
2022-03-31,jueves,marzo,47,"2.974,21 ","2.416,05 ","1.513,95 ","204,10 ","36,85 ","658,77 ","63,28 ","32,21 ","14,02 "
2022-01-04,viernes,abril,34,"1.830,36 ","1.517,50 ","960,74 ","204,25 ","26,09 ","321,27 ","53,83 ","28,26 ","9,45 "
2022-02-04,sbado,abril,23,"1.538,53 ","1.313,44 ","764,58 ","159,96 ","24,33 ","364,59 ","66,89 ","33,24 ","15,85 "
2022-03-04,domingo,abril,30,"1.762,55 ","1.495,17 ","783,79 ","172,55 ","23,69 ","515,12 ","58,75 ","26,13 ","17,17 "
2022-04-04,lunes,abril,34,"1.732,28 ","1.432,28 ","781,14 ","179,37 ","26,31 ","443,07 ","50,95 ","22,97 ","13,03 "
2022-05-04,martes,abril,40,"2.505,03 ","2.084,19 ","1.283,90 ","178,32 ","26,06 ","595,90 ","62,63 ","32,10 ","14,90 "
2022-06-04,mircoles,abril,31,"2.184,50 ","1.832,44 ","1.037,79 ","149,25 ","41,19 ","604,26 ","70,47 ","33,48 ","19,49 "
2022-07-04,jueves,abril,25,"1.256,00 ","1.056,69 ","663,19 ","112,08 ","15,16 ","266,24 ","50,24 ","26,53 ","10,65 "
2022-08-04,viernes,abril,42,"2.327,32 ","1.907,75 ","1.155,04 ","169,44 ","27,10 ","553,79 ","55,41 ","27,50 ","13,19 "
2022-09-04,sbado,abril,16,"869,28 ","742,66 ","374,78 ","110,70 ","11,83 ","245,35 ","54,33 ","23,42 ","15,33 "
2022-10-04,domingo,abril,27,"1.836,77 ","1.519,51 ","1.014,34 ","130,87 ","19,10 ","355,23 ","68,03 ","37,57 ","13,16 "
2022-11-04,lunes,abril,38,"1.840,36 ","1.578,30 ","887,97 ","190,83 ","30,26 ","469,28 ","48,43 ","23,37 ","12,35 "
2022-12-04,martes,abril,25,"1.365,68 ","1.114,85 ","663,33 ","154,47 ","16,40 ","278,25 ","54,63 ","26,53 ","11,13 "
2022-04-13,mircoles,abril,25,"1.335,16 ","1.124,98 ","657,56 ","144,11 ","19,73 ","303,57 ","53,41 ","26,30 ","12,14 "
2022-04-14,jueves,abril,10,"651,16 ","540,36 ","301,71 ","40,75 ","12,80 ","185,13 ","65,12 ","30,17 ","18,51 "
2022-04-15,viernes,abril,14,"683,05 ","593,81 ","316,64 ","70,40 ","13,45 ","193,32 ","48,79 ","22,62 ","13,81 "
2022-04-16,sbado,abril,15,"1.356,34 ","1.136,47 ","632,63 ","67,08 ","23,68 ","413,07 ","90,42 ","42,18 ","27,54 "
2022-04-17,domingo,abril,17,"1.191,86 ","986,14 ","644,09 ","104,71 ","20,32 ","217,02 ","70,11 ","37,89 ","12,77 "
2022-04-18,lunes,abril,29,"1.506,94 ","1.155,18 ","581,69 ","110,25 ","27,71 ","433,15 ","51,96 ","20,06 ","14,94 "
2022-04-19,martes,abril,38,"1.720,82 ","1.424,62 ","777,84 ","186,53 ","17,45 ","442,82 ","45,28 ","20,47 ","11,65 "
2022-04-20,mircoles,abril,31,"1.610,34 ","1.280,52 ","704,06 ","150,29 ","23,46 ","397,94 ","51,95 ","22,71 ","12,84 "
2022-04-21,jueves,abril,33,"1.749,20 ","1.419,82 ","801,62 ","140,61 ","25,03 ","450,17 ","53,01 ","24,29 ","13,64 "
2022-04-22,viernes,abril,29,"1.568,12 ","1.292,64 ","706,28 ","177,34 ","19,31 ","384,92 ","54,07 ","24,35 ","13,27 "
2022-04-23,sbado,abril,15,"1.013,23 ","840,59 ","466,41 ","100,62 ","10,84 ","262,71 ","67,55 ","31,09 ","17,51 "
2022-04-24,domingo,abril,20,"1.325,30 ","1.093,54 ","666,24 ","150,61 ","21,39 ","255,32 ","66,27 ","33,31 ","12,77 "
2022-04-25,lunes,abril,31,"1.712,54 ","1.444,42 ","810,65 ","136,84 ","30,63 ","466,32 ","55,24 ","26,15 ","15,04 "
2022-04-26,martes,abril,31,"1.683,16 ","1.414,97 ","804,48 ","127,94 ","29,23 ","453,36 ","54,30 ","25,95 ","14,62 "
2022-04-27,mircoles,abril,29,"1.509,25 ","1.308,80 ","645,56 ","154,60 ","24,99 ","483,66 ","52,04 ","22,26 ","16,68 "
2022-04-28,jueves,abril,32,"1.986,03 ","1.642,69 ","903,35 ","114,50 ","26,71 ","598,14 ","62,06 ","28,23 ","18,69 "
2022-04-29,viernes,abril,34,"1.596,67 ","1.338,67 ","809,85 ","142,54 ","31,06 ","355,24 ","46,96 ","23,82 ","10,45 "
2022-04-30,sbado,abril,19,"1.261,21 ","1.078,78 ","618,37 ","113,08 ","17,95 ","329,37 ","66,38 ","32,55 ","17,34 "
2022-01-05,domingo,mayo,18,"1.325,91 ","1.090,16 ","689,00 ","83,09 ","11,89 ","306,19 ","73,66 ","38,28 ","17,01 "
2022-02-05,lunes,mayo,26,"1.348,36 ","1.098,02 ","675,28 ","95,91 ","18,77 ","305,65 ","51,86 ","25,97 ","11,76 "
2022-03-05,martes,mayo,37,"1.588,88 ","1.313,89 ","837,25 ","104,84 ","23,20 ","348,61 ","42,94 ","22,63 ","9,42 "
2022-04-05,mircoles,mayo,30,"1.582,98 ","1.261,16 ","707,46 ","124,99 ","14,53 ","409,38 ","52,77 ","23,58 ","13,65 "
2022-05-05,jueves,mayo,33,"1.600,14 ","1.317,65 ","726,80 ","135,23 ","26,60 ","426,53 ","48,49 ","22,02 ","12,93 "
2022-06-05,viernes,mayo,23,"1.306,17 ","1.084,16 ","603,67 ","106,21 ","21,32 ","352,98 ","56,79 ","26,25 ","15,35 "
2022-07-05,sbado,mayo,22,"1.552,95 ","1.305,83 ","835,19 ","143,31 ","23,61 ","303,72 ","70,59 ","37,96 ","13,81 "
2022-08-05,domingo,mayo,20,"1.042,33 ","859,44 ","467,18 ","101,35 ","18,47 ","272,45 ","52,12 ","23,36 ","13,62 "
2022-09-05,lunes,mayo,27,"1.711,03 ","1.390,38 ","831,00 ","116,69 ","19,48 ","420,82 ","63,37 ","30,78 ","15,59 "
2022-10-05,martes,mayo,24,"1.161,36 ","976,49 ","516,60 ","99,31 ","12,98 ","347,58 ","48,39 ","21,53 ","14,48 "
2022-11-05,mircoles,mayo,35,"2.466,91 ","1.125,09 ","658,04 ","115,96 ","20,19 ","324,85 ","70,48 ","18,80 ","9,28 "
2022-12-05,jueves,mayo,25,"1.171,19 ","999,76 ","542,00 ","118,04 ","18,65 ","321,08 ","46,85 ","21,68 ","12,84 "
2022-05-13,viernes,mayo,18,"632,93 ","537,30 ","301,89 ","68,68 ","6,99 ","159,74 ","35,16 ","16,77 ","8,87 "
2022-05-14,sbado,mayo,13,"771,36 ","603,56 ","359,25 ","69,09 ","8,30 ","163,68 ","59,34 ","27,63 ","12,59 "
2022-05-15,domingo,mayo,17,"939,14 ","779,55 ","420,08 ","129,25 ","9,37 ","220,86 ","55,24 ","24,71 ","12,99 "
2022-05-16,lunes,mayo,27,"1.302,61 ","1.032,46 ","589,31 ","116,44 ","14,29 ","310,04 ","48,24 ","21,83 ","11,48 "
2022-05-17,martes,mayo,19,"980,00 ","711,43 ","397,01 ","80,16 ","10,17 ","217,70 ","51,58 ","20,90 ","11,46 "
2022-05-18,mircoles,mayo,26,"1.259,70 ","1.050,80 ","535,03 ","108,63 ","19,44 ","387,71 ","48,45 ","20,58 ","14,91 "
2022-05-19,jueves,mayo,20,"1.229,23 ","1.050,87 ","536,64 ","116,04 ","17,52 ","380,66 ","61,46 ","26,83 ","19,03 "
2022-05-20,viernes,mayo,17,"741,62 ","613,69 ","359,37 ","60,80 ","8,73 ","184,78 ","43,62 ","21,14 ","10,87 "
2022-05-21,sbado,mayo,16,"870,78 ","724,75 ","462,64 ","92,10 ","15,77 ","154,24 ","54,42 ","28,92 ","9,64 "
2022-05-22,domingo,mayo,22,"1.409,74 ","1.175,96 ","623,53 ","95,07 ","20,24 ","437,12 ","64,08 ","28,34 ","19,87 "
2022-05-23,lunes,mayo,17,"1.052,71 ","879,41 ","476,22 ","67,39 ","21,61 ","314,18 ","61,92 ","28,01 ","18,48 "
2022-05-24,martes,mayo,40,"2.420,53 ","2.021,23 ","1.162,35 ","159,14 ","45,08 ","654,64 ","60,51 ","29,06 ","16,37 "
2022-05-25,mircoles,mayo,20,"1.340,26 ","1.040,97 ","595,43 ","89,22 ","28,23 ","318,87 ","67,01 ","29,77 ","15,94 "
2022-05-26,jueves,mayo,31,"1.682,05 ","1.410,79 ","728,36 ","100,57 ","34,55 ","547,29 ","54,26 ","23,50 ","17,65 "
2022-05-27,viernes,mayo,21,"1.277,46 ","1.020,45 ","536,52 ","130,56 ","30,68 ","247,70 ","60,83 ","25,55 ","11,80 "
2022-05-28,sbado,mayo,19,"1.327,13 ","1.116,76 ","600,09 ","111,36 ","16,90 ","388,42 ","69,85 ","31,58 ","20,44 "
2022-05-29,domingo,mayo,31,"2.235,68 ","1.851,89 ","1.014,34 ","175,23 ","36,68 ","625,66 ","72,12 ","32,72 ","20,18 "
2022-05-30,lunes,mayo,52,"3.274,19 ","2.725,75 ","1.605,90 ","221,59 ","52,89 ","845,39 ","62,97 ","30,88 ","16,26 "
2022-05-31,martes,mayo,49,"3.119,23 ","2.630,23 ","1.385,44 ","255,66 ","59,75 ","929,38 ","63,66 ","28,27 ","18,97 "
2022-01-06,mircoles,junio,41,"2.659,94 ","2.237,20 ","1.218,37 ","166,29 ","60,12 ","792,41 ","64,88 ","29,72 ","19,33 "
2022-02-06,jueves,junio,38,"2.057,37 ","1.690,31 ","913,71 ","127,90 ","37,27 ","609,05 ","54,14 ","24,05 ","16,03 "
2022-03-06,viernes,junio,36,"1.953,60 ","1.619,03 ","849,96 ","235,42 ","26,28 ","507,39 ","54,27 ","23,61 ","14,09 "
2022-04-06,sbado,junio,12,"1.010,93 ","855,98 ","436,87 ","56,99 ","24,21 ","337,92 ","84,24 ","36,41 ","28,16 "
2022-05-06,domingo,junio,24,"1.262,21 ","1.048,64 ","582,62 ","120,01 ","21,32 ","324,73 ","52,59 ","24,28 ","13,53 "
2022-06-06,lunes,junio,38,"2.188,66 ","1.829,25 ","925,09 ","175,12 ","31,07 ","697,97 ","57,60 ","24,34 ","18,37 "
2022-07-06,martes,junio,33,"2.115,13 ","1.724,03 ","949,53 ","163,26 ","29,59 ","579,28 ","64,09 ","28,77 ","17,55 "
2022-08-06,mircoles,junio,45,"1.799,44 ","1.451,35 ","664,10 ","165,95 ","24,85 ","591,69 ","39,99 ","14,76 ","13,15 "
2022-09-06,jueves,junio,93,"4.210,06 ","3.490,16 ","932,48 ","370,50 ","81,75 ","2.102,32 ","45,27 ","10,03 ","22,61 "
2022-10-06,viernes,junio,73,"3.660,26 ","3.052,38 ","617,29 ","263,98 ","47,90 ","2.123,22 ","50,14 ","8,46 ","29,09 "
2022-11-06,sbado,junio,24,"1.625,04 ","1.336,20 ","661,42 ","186,51 ","30,80 ","455,07 ","67,71 ","27,56 ","18,96 "
2022-12-06,domingo,junio,33,"1.983,44 ","1.597,88 ","885,94 ","190,49 ","28,92 ","487,71 ","60,10 ","26,85 ","14,78 "
2022-06-13,lunes,junio,40,"2.012,32 ","1.609,07 ","846,94 ","157,60 ","34,66 ","494,86 ","50,31 ","21,17 ","12,37 "
2022-06-14,martes,junio,35,"2.442,57 ","2.032,29 ","1.133,88 ","156,23 ","40,47 ","701,73 ","69,79 ","32,40 ","20,05 "
2022-06-15,mircoles,junio,18,"901,80 ","750,12 ","373,53 ","100,65 ","15,15 ","260,79 ","50,10 ","20,75 ","14,49 "
2022-06-16,jueves,junio,26,"1.162,89 ","1.000,79 ","465,66 ","123,12 ","26,01 ","385,98 ","44,73 ","17,91 ","14,85 "
2022-06-17,viernes,junio,25,"2.172,44 ","1.808,49 ","802,21 ","207,86 ","32,27 ","758,96 ","86,90 ","32,09 ","30,36 "
2022-06-18,sbado,junio,23,"1.443,74 ","1.203,88 ","717,64 ","97,16 ","19,66 ","369,47 ","62,77 ","31,20 ","16,06 "
2022-06-19,domingo,junio,21,"1.580,47 ","1.089,24 ","600,32 ","108,50 ","21,58 ","356,36 ","75,26 ","28,59 ","16,97 "
2022-06-20,lunes,junio,36,"1.907,06 ","1.574,06 ","757,11 ","164,97 ","43,25 ","597,14 ","52,97 ","21,03 ","16,59 "
2022-06-21,martes,junio,30,"1.986,52 ","1.662,53 ","819,30 ","126,87 ","27,36 ","689,03 ","66,22 ","27,31 ","22,97 "
2022-06-22,mircoles,junio,24,"1.547,49 ","1.293,97 ","647,88 ","129,86 ","22,17 ","494,04 ","64,48 ","27,00 ","20,58 "
2022-06-23,jueves,junio,22,"1.333,21 ","1.117,53 ","616,37 ","129,12 ","17,04 ","355,01 ","60,60 ","28,02 ","16,14 "
2022-06-24,viernes,junio,16,"844,88 ","673,10 ","342,26 ","99,71 ","16,19 ","212,53 ","52,81 ","21,39 ","13,28 "
2022-06-25,sbado,junio,24,"1.488,14 ","1.247,41 ","635,04 ","133,33 ","32,43 ","446,64 ","62,01 ","26,46 ","18,61 "
2022-06-26,domingo,junio,20,"1.417,38 ","1.176,99 ","664,74 ","98,46 ","25,05 ","388,71 ","70,87 ","33,24 ","19,44 "
2022-06-27,lunes,junio,39,"2.249,23 ","1.882,82 ","998,19 ","180,15 ","45,75 ","658,77 ","57,67 ","25,59 ","16,89 "
2022-06-28,martes,junio,49,"2.079,76 ","1.733,44 ","1.010,98 ","175,15 ","25,47 ","521,80 ","42,44 ","20,63 ","10,65 "
2022-06-29,mircoles,junio,47,"2.705,53 ","2.231,42 ","1.265,03 ","209,41 ","45,46 ","706,71 ","57,56 ","26,92 ","15,04 "
2022-06-30,jueves,junio,36,"2.169,71 ","1.842,42 ","1.009,66 ","242,22 ","27,64 ","562,90 ","60,27 ","28,05 ","15,64 "
2022-01-07,viernes,julio,34,"2.029,22 ","1.705,79 ","915,37 ","158,19 ","39,87 ","592,34 ","59,68 ","26,92 ","17,42 "
2022-02-07,sbado,julio,17,"1.360,57 ","1.143,03 ","598,22 ","119,43 ","26,51 ","398,88 ","80,03 ","35,19 ","23,46 "
2022-03-07,domingo,julio,25,"1.562,06 ","1.335,09 ","704,08 ","156,84 ","28,31 ","445,86 ","62,48 ","28,16 ","17,83 "
2022-04-07,lunes,julio,25,"1.372,48 ","1.144,06 ","610,60 ","115,95 ","28,58 ","388,96 ","54,90 ","24,42 ","15,56 "
2022-05-07,martes,julio,32,"1.759,05 ","1.453,93 ","838,17 ","153,45 ","28,59 ","430,46 ","54,97 ","26,19 ","13,45 "
2022-06-07,mircoles,julio,38,"2.218,93 ","1.841,69 ","929,18 ","218,81 ","33,47 ","656,98 ","58,39 ","24,45 ","17,29 "
2022-07-07,jueves,julio,29,"1.619,05 ","1.376,21 ","682,03 ","148,63 ","29,08 ","516,48 ","55,83 ","23,52 ","17,81 "
2022-08-07,viernes,julio,15,"972,83 ","824,59 ","379,13 ","66,80 ","23,59 ","355,06 ","64,86 ","25,28 ","23,67 "
2022-09-07,sbado,julio,10,"592,33 ","467,52 ","238,40 ","44,88 ","8,12 ","173,73 ","59,23 ","23,84 ","17,37 "
2022-10-07,domingo,julio,19,"1.099,88 ","883,15 ","482,63 ","80,21 ","9,89 ","308,01 ","57,89 ","25,40 ","16,21 "
2022-11-07,lunes,julio,23,"1.604,46 ","1.331,68 ","801,38 ","100,34 ","23,33 ","406,67 ","69,76 ","34,84 ","17,68 "
2022-12-07,martes,julio,25,"1.308,34 ","1.099,37 ","537,06 ","117,86 ","27,47 ","416,96 ","52,33 ","21,48 ","16,68 "
2022-07-13,mircoles,julio,40,"2.346,68 ","1.940,11 ","1.062,47 ","160,84 ","36,76 ","680,04 ","58,67 ","26,56 ","17,00 "
2022-07-14,jueves,julio,25,"1.580,10 ","1.320,12 ","704,14 ","119,44 ","28,01 ","468,53 ","63,20 ","28,17 ","18,74 "
2022-07-15,viernes,julio,17,"1.184,19 ","1.006,09 ","501,79 ","99,79 ","24,64 ","379,88 ","69,66 ","29,52 ","22,35 "
2022-07-16,sbado,julio,18,"1.432,66 ","1.202,39 ","615,71 ","97,48 ","30,19 ","459,00 ","79,59 ","34,21 ","25,50 "
2022-07-17,domingo,julio,27,"1.469,62 ","1.244,85 ","627,45 ","133,50 ","33,77 ","450,13 ","54,43 ","23,24 ","16,67 "
2022-07-18,lunes,julio,37,"1.963,32 ","1.648,18 ","928,03 ","174,87 ","35,61 ","509,69 ","53,06 ","25,08 ","13,78 "
2022-07-19,martes,julio,48,"2.794,97 ","2.293,43 ","1.303,96 ","218,63 ","47,32 ","718,72 ","58,23 ","27,17 ","14,97 "
2022-07-20,mircoles,julio,51,"3.583,26 ","2.857,87 ","1.408,22 ","273,48 ","59,73 ","1.104,47 ","70,26 ","27,61 ","21,66 "
2022-07-21,jueves,julio,74,"3.612,24 ","3.007,10 ","681,98 ","278,81 ","60,38 ","1.983,57 ","48,81 ","9,22 ","26,81 "
2022-07-22,viernes,julio,56,"3.141,18 ","2.556,20 ","516,19 ","171,07 ","61,36 ","1.805,16 ","56,09 ","9,22 ","32,24 "
2022-07-23,sbado,julio,18,"925,78 ","770,65 ","403,42 ","101,51 ","13,20 ","252,53 ","51,43 ","22,41 ","14,03 "
2022-07-24,domingo,julio,21,"887,97 ","628,43 ","331,05 ","65,45 ","10,83 ","211,80 ","42,28 ","15,76 ","10,09 "
2022-07-25,lunes,julio,39,"2.460,12 ","1.829,68 ","1.105,90 ","134,46 ","32,78 ","549,74 ","63,08 ","28,36 ","14,10 "
2022-07-26,martes,julio,41,"2.058,79 ","1.629,71 ","897,02 ","137,73 ","23,90 ","566,27 ","50,21 ","21,88 ","13,81 "
2022-07-27,mircoles,julio,32,"2.279,53 ","1.893,88 ","1.068,84 ","101,54 ","33,48 ","690,04 ","71,24 ","33,40 ","21,56 "
2022-07-28,jueves,julio,35,"2.016,09 ","1.693,25 ","893,97 ","124,66 ","42,22 ","632,40 ","57,60 ","25,54 ","18,07 "
2022-07-29,viernes,julio,20,"1.113,67 ","920,61 ","489,53 ","62,76 ","15,41 ","352,90 ","55,68 ","24,48 ","17,65 "
2022-07-30,sbado,julio,26,"1.530,65 ","1.266,03 ","680,78 ","86,87 ","13,87 ","484,53 ","58,87 ","26,18 ","18,64 "
2022-07-31,domingo,julio,25,"1.304,84 ","1.098,73 ","585,49 ","96,02 ","18,16 ","399,07 ","52,19 ","23,42 ","15,96 "
2022-01-08,lunes,agosto,34,"2.076,71 ","1.750,59 ","891,15 ","156,09 ","47,59 ","655,77 ","61,08 ","26,21 ","19,29 "
2022-02-08,martes,agosto,54,"3.118,37 ","2.597,81 ","1.462,57 ","209,21 ","42,74 ","883,38 ","57,75 ","27,08 ","16,36 "
2022-03-08,mircoles,agosto,29,"2.031,25 ","1.640,48 ","956,95 ","100,63 ","23,88 ","469,02 ","70,04 ","33,00 ","16,17 "
2022-04-08,jueves,agosto,36,"2.088,88 ","1.757,37 ","917,01 ","143,39 ","33,04 ","663,92 ","58,02 ","25,47 ","18,44 "
2022-05-08,viernes,agosto,27,"1.506,54 ","1.250,47 ","699,17 ","89,05 ","25,85 ","436,41 ","55,80 ","25,90 ","16,16 "
2022-06-08,sbado,agosto,21,"1.400,88 ","1.183,17 ","636,65 ","104,46 ","18,10 ","423,98 ","66,71 ","30,32 ","20,19 "
2022-07-08,domingo,agosto,30,"1.741,02 ","1.470,19 ","794,27 ","128,41 ","27,53 ","519,98 ","58,03 ","26,48 ","17,33 "
2022-08-08,lunes,agosto,34,"2.275,93 ","1.889,50 ","1.026,40 ","198,72 ","33,91 ","628,10 ","66,94 ","30,19 ","18,47 "
2022-09-08,martes,agosto,45,"2.409,83 ","2.029,30 ","1.099,32 ","190,16 ","41,05 ","698,78 ","53,55 ","24,43 ","15,53 "
2022-10-08,mircoles,agosto,31,"1.939,86 ","1.610,32 ","935,29 ","129,39 ","29,24 ","514,03 ","62,58 ","30,17 ","16,58 "
2022-11-08,jueves,agosto,26,"1.513,03 ","1.152,39 ","632,35 ","122,11 ","14,70 ","380,84 ","58,19 ","24,32 ","14,65 "
2022-12-08,viernes,agosto,33,"2.168,51 ","1.809,34 ","1.035,66 ","179,47 ","30,55 ","563,68 ","65,71 ","31,38 ","17,08 "
2022-08-13,sbado,agosto,24,"1.327,23 ","1.123,53 ","563,37 ","150,28 ","29,32 ","380,53 ","55,30 ","23,47 ","15,86 "
2022-08-14,domingo,agosto,28,"2.228,60 ","1.852,49 ","1.143,55 ","127,23 ","35,91 ","545,84 ","79,59 ","40,84 ","19,49 "
2022-08-15,lunes,agosto,36,"2.300,05 ","1.919,13 ","1.106,67 ","156,31 ","33,73 ","620,02 ","63,89 ","30,74 ","17,22 "
2022-08-16,martes,agosto,41,"2.906,94 ","2.446,60 ","1.398,46 ","166,39 ","55,17 ","826,59 ","70,90 ","34,11 ","20,16 "
2022-08-17,mircoles,agosto,31,"2.032,78 ","1.702,70 ","1.005,69 ","145,08 ","24,70 ","527,21 ","65,57 ","32,44 ","17,01 "
2022-08-18,jueves,agosto,28,"2.363,40 ","1.994,60 ","1.172,56 ","120,74 ","31,67 ","669,66 ","84,41 ","41,88 ","23,92 "
2022-08-19,viernes,agosto,36,"2.405,34 ","1.992,26 ","1.126,65 ","162,20 ","21,79 ","679,24 ","66,82 ","31,30 ","18,87 "
2022-08-20,sbado,agosto,15,"1.244,79 ","1.019,44 ","672,80 ","76,43 ","11,60 ","256,24 ","82,99 ","44,85 ","17,08 "
2022-08-21,domingo,agosto,30,"1.891,50 ","1.515,09 ","873,91 ","151,64 ","27,63 ","459,52 ","63,05 ","29,13 ","15,32 "
2022-08-22,lunes,agosto,43,"2.489,80 ","2.099,74 ","1.177,13 ","166,79 ","39,97 ","715,84 ","57,90 ","27,38 ","16,65 "
2022-08-23,martes,agosto,48,"2.481,74 ","2.092,63 ","1.072,08 ","176,32 ","48,19 ","796,05 ","51,70 ","22,34 ","16,58 "
2022-08-24,mircoles,agosto,40,"2.182,39 ","1.835,37 ","992,90 ","159,82 ","31,07 ","649,19 ","54,56 ","24,82 ","16,23 "
2022-08-25,jueves,agosto,29,"1.415,41 ","1.198,48 ","658,91 ","124,63 ","22,34 ","392,62 ","48,81 ","22,72 ","13,54 "
2022-08-26,viernes,agosto,27,"1.413,22 ","1.217,33 ","677,44 ","140,33 ","17,70 ","381,86 ","52,34 ","25,09 ","14,14 "
2022-08-27,sbado,agosto,20,"1.601,81 ","1.369,61 ","694,35 ","106,19 ","26,50 ","542,58 ","80,09 ","34,72 ","27,13 "
2022-08-28,domingo,agosto,29,"1.989,68 ","1.674,14 ","885,12 ","130,81 ","34,62 ","623,58 ","68,61 ","30,52 ","21,50 "
2022-08-29,lunes,agosto,38,"2.165,45 ","1.794,18 ","1.087,21 ","121,96 ","25,70 ","559,33 ","56,99 ","28,61 ","14,72 "
2022-08-30,martes,agosto,37,"2.262,12 ","1.827,96 ","1.110,47 ","147,51 ","38,61 ","526,59 ","61,14 ","30,01 ","14,23 "
2022-08-31,mircoles,agosto,49,"3.083,98 ","2.519,82 ","1.481,74 ","178,49 ","37,23 ","820,00 ","62,94 ","30,24 ","16,73 "
2022-01-09,jueves,septiembre,29,"1.734,88 ","1.421,94 ","816,80 ","100,30 ","19,70 ","482,76 ","59,82 ","28,17 ","16,65 "
2022-02-09,viernes,septiembre,27,"1.248,97 ","965,98 ","509,37 ","71,39 ","15,19 ","367,61 ","46,26 ","18,87 ","13,62 "
2022-03-09,sbado,septiembre,22,"1.444,35 ","1.292,52 ","676,16 ","126,97 ","21,48 ","467,91 ","65,65 ","30,73 ","21,27 "
2022-04-09,domingo,septiembre,29,"1.454,67 ","1.186,85 ","696,10 ","109,44 ","18,80 ","360,11 ","50,16 ","24,00 ","12,42 "
2022-05-09,lunes,septiembre,40,"2.015,63 ","1.647,84 ","872,07 ","150,12 ","29,44 ","589,81 ","50,39 ","21,80 ","14,75 "
2022-06-09,martes,septiembre,32,"2.091,83 ","1.739,57 ","1.026,03 ","115,29 ","34,17 ","564,07 ","65,37 ","32,06 ","17,63 "
2022-07-09,mircoles,septiembre,35,"2.086,77 ","1.744,09 ","930,86 ","144,48 ","36,55 ","632,23 ","59,62 ","26,60 ","18,06 "
2022-08-09,jueves,septiembre,31,"1.744,46 ","1.397,24 ","820,18 ","113,41 ","19,21 ","366,46 ","56,27 ","26,46 ","11,82 "
2022-09-09,viernes,septiembre,23,"1.937,28 ","1.156,34 ","730,35 ","73,85 ","17,80 ","331,83 ","84,23 ","31,75 ","14,43 "
2022-10-09,sbado,septiembre,17,"995,86 ","827,21 ","468,83 ","59,50 ","16,34 ","282,54 ","58,58 ","27,58 ","16,62 "
2022-11-09,domingo,septiembre,17,"1.032,72 ","862,74 ","473,41 ","88,82 ","18,26 ","282,25 ","60,75 ","27,85 ","16,60 "
2022-12-09,lunes,septiembre,43,"2.195,22 ","1.818,66 ","1.049,34 ","164,99 ","32,55 ","571,79 ","51,05 ","24,40 ","13,30 "
2022-09-13,martes,septiembre,32,"1.601,53 ","1.341,90 ","769,06 ","160,41 ","21,49 ","390,93 ","50,05 ","24,03 ","12,22 "
2022-09-14,mircoles,septiembre,42,"2.165,69 ","1.787,17 ","961,91 ","180,04 ","26,42 ","609,17 ","51,56 ","22,90 ","14,50 "
2022-09-15,jueves,septiembre,35,"1.892,19 ","1.450,83 ","883,59 ","119,63 ","15,78 ","427,05 ","54,06 ","25,25 ","12,20 "
2022-09-16,viernes,septiembre,47,"2.532,02 ","2.100,68 ","1.267,39 ","138,06 ","29,94 ","665,31 ","53,87 ","26,97 ","14,16 "
2022-09-17,sbado,septiembre,33,"1.596,06 ","1.361,47 ","726,09 ","140,31 ","36,42 ","458,65 ","48,37 ","22,00 ","13,90 "
2022-09-18,domingo,septiembre,38,"2.188,56 ","1.844,53 ","1.017,01 ","155,44 ","40,04 ","629,65 ","57,59 ","26,76 ","16,57 "
2022-09-19,lunes,septiembre,34,"1.814,71 ","1.447,26 ","806,33 ","116,66 ","22,30 ","498,72 ","53,37 ","23,72 ","14,67 "
2022-09-20,martes,septiembre,30,"2.096,98 ","1.731,33 ","926,65 ","150,34 ","31,98 ","615,58 ","69,90 ","30,89 ","20,52 "
2022-09-21,mircoles,septiembre,35,"1.534,09 ","1.282,05 ","663,40 ","122,77 ","12,99 ","482,89 ","43,83 ","18,95 ","13,80 "
2022-09-22,jueves,septiembre,25,"1.473,58 ","1.223,30 ","708,70 ","106,10 ","25,56 ","382,91 ","58,94 ","28,35 ","15,32 "
2022-09-23,viernes,septiembre,16,"1.006,72 ","875,43 ","437,63 ","85,35 ","11,20 ","341,22 ","62,92 ","27,35 ","21,33 "
2022-09-24,sbado,septiembre,17,"963,93 ","706,76 ","325,82 ","96,74 ","3,48 ","262,42 ","56,70 ","19,17 ","15,44 "
2022-09-25,domingo,septiembre,23,"1.353,87 ","1.142,70 ","602,67 ","94,46 ","10,64 ","434,93 ","58,86 ","26,20 ","18,91 "
2022-09-26,lunes,septiembre,30,"1.049,63 ","812,52 ","412,66 ","116,23 ","14,46 ","264,26 ","34,99 ","13,76 ","8,81 "
2022-09-27,martes,septiembre,18,"1.252,59 ","1.050,01 ","545,74 ","85,83 ","12,22 ","406,23 ","69,59 ","30,32 ","22,57 "
2022-09-28,mircoles,septiembre,37,"1.881,82 ","1.547,73 ","841,46 ","152,24 ","20,47 ","531,17 ","50,86 ","22,74 ","14,36 "
2022-09-29,jueves,septiembre,34,"2.620,81 ","2.211,91 ","1.166,56 ","146,26 ","44,36 ","854,74 ","77,08 ","34,31 ","25,14 "
2022-09-30,viernes,septiembre,29,"1.780,45 ","1.479,67 ","807,36 ","141,47 ","19,85 ","508,60 ","61,39 ","27,84 ","17,54 "
2022-01-10,sbado,octubre,18,"967,59 ","826,89 ","421,75 ","84,18 ","13,80 ","307,18 ","53,76 ","23,43 ","17,07 "
2022-02-10,domingo,octubre,25,"1.605,51 ","1.329,23 ","771,70 ","108,03 ","19,95 ","429,58 ","64,22 ","30,87 ","17,18 "
2022-03-10,lunes,octubre,41,"2.611,47 ","2.190,28 ","1.153,91 ","177,97 ","28,04 ","830,31 ","63,69 ","28,14 ","20,25 "
2022-04-10,martes,octubre,36,"1.831,73 ","1.451,75 ","738,42 ","150,47 ","24,71 ","533,28 ","50,88 ","20,51 ","14,81 "
2022-05-10,mircoles,octubre,30,"1.617,33 ","1.348,37 ","787,85 ","120,29 ","17,04 ","423,20 ","53,91 ","26,26 ","14,11 "
2022-06-10,jueves,octubre,74,"3.007,99 ","2.466,80 ","1.527,33 ","273,16 ","34,79 ","629,20 ","40,65 ","20,64 ","8,50 "
2022-07-10,viernes,octubre,68,"2.622,32 ","2.182,54 ","1.458,70 ","244,04 ","37,58 ","442,22 ","38,56 ","21,45 ","6,50 "
2022-08-10,sbado,octubre,28,"1.125,90 ","937,79 ","620,62 ","91,54 ","17,39 ","208,27 ","40,21 ","22,17 ","7,44 "
2022-09-10,domingo,octubre,32,"1.724,69 ","1.458,18 ","784,68 ","214,90 ","29,34 ","429,28 ","53,90 ","24,52 ","13,42 "
2022-10-10,lunes,octubre,35,"2.362,43 ","1.966,62 ","1.064,64 ","192,71 ","24,71 ","684,59 ","67,50 ","30,42 ","19,56 "
2022-11-10,martes,octubre,26,"1.452,21 ","1.214,41 ","654,66 ","98,21 ","22,55 ","438,99 ","55,85 ","25,18 ","16,88 "
2022-12-10,mircoles,octubre,25,"1.504,83 ","1.253,55 ","610,30 ","102,46 ","21,21 ","519,61 ","60,19 ","24,41 ","20,78 "
2022-10-13,jueves,octubre,23,"1.401,66 ","1.174,58 ","567,98 ","109,35 ","22,43 ","472,42 ","60,94 ","24,69 ","20,54 "
2022-10-14,viernes,octubre,23,"997,87 ","828,92 ","387,73 ","82,51 ","11,47 ","347,26 ","43,39 ","16,86 ","15,10 "
2022-10-15,sbado,octubre,20,"1.065,98 ","882,45 ","480,14 ","104,12 ","13,42 ","284,76 ","53,30 ","24,01 ","14,24 "
2022-10-16,domingo,octubre,12,"832,08 ","688,23 ","361,95 ","44,97 ","13,67 ","267,63 ","69,34 ","30,16 ","22,30 "
2022-10-17,lunes,octubre,17,"825,96 ","682,55 ","359,92 ","58,82 ","12,08 ","251,74 ","48,59 ","21,17 ","14,81 "
2022-10-18,martes,octubre,24,"1.093,19 ","915,54 ","467,61 ","101,38 ","13,11 ","333,44 ","45,55 ","19,48 ","13,89 "
2022-10-19,mircoles,octubre,25,"1.503,10 ","1.225,95 ","630,26 ","159,21 ","12,91 ","421,20 ","60,12 ","25,21 ","16,85 "
2022-10-20,jueves,octubre,21,"1.335,52 ","1.105,04 ","525,48 ","68,76 ","21,13 ","489,67 ","63,60 ","25,02 ","23,32 "
2022-10-21,viernes,octubre,31,"1.598,43 ","1.338,83 ","653,88 ","124,20 ","21,54 ","539,21 ","51,56 ","21,09 ","17,39 "
2022-10-22,sbado,octubre,19,"856,62 ","670,79 ","351,78 ","82,81 ","9,82 ","223,98 ","45,09 ","18,51 ","11,79 "
2022-10-23,domingo,octubre,17,"957,76 ","621,64 ","295,93 ","61,25 ","10,03 ","249,65 ","56,34 ","17,41 ","14,69 "
2022-10-24,lunes,octubre,29,"1.370,48 ","1.150,20 ","582,73 ","132,13 ","19,64 ","415,72 ","47,26 ","20,09 ","14,34 "
2022-10-25,martes,octubre,31,"2.273,09 ","1.882,19 ","1.045,89 ","103,11 ","27,50 ","705,73 ","73,33 ","33,74 ","22,77 "
2022-10-26,mircoles,octubre,19,"1.243,83 ","1.029,08 ","647,54 ","60,44 ","10,54 ","310,59 ","65,46 ","34,08 ","16,35 "
2022-10-27,jueves,octubre,36,"1.987,32 ","1.594,06 ","893,34 ","130,04 ","17,91 ","545,93 ","55,20 ","24,82 ","15,16 "
2022-10-28,viernes,octubre,47,"2.835,76 ","2.358,83 ","1.359,98 ","173,88 ","34,54 ","790,44 ","60,34 ","28,94 ","16,82 "
2022-10-29,sbado,octubre,16,"1.009,34 ","837,85 ","487,21 ","75,29 ","12,38 ","262,98 ","63,08 ","30,45 ","16,44 "
2022-10-30,domingo,octubre,29,"1.734,39 ","1.450,66 ","826,38 ","151,09 ","26,30 ","446,90 ","59,81 ","28,50 ","15,41 "
2022-10-31,lunes,octubre,37,"2.045,62 ","1.580,27 ","929,72 ","146,81 ","24,53 ","475,98 ","55,29 ","25,13 ","12,86 "
2022-01-11,martes,noviembre,41,"2.372,39 ","1.936,10 ","1.128,75 ","161,40 ","32,57 ","610,79 ","57,86 ","27,53 ","14,90 "
2022-02-11,mircoles,noviembre,53,"2.547,80 ","2.036,35 ","1.182,42 ","211,69 ","28,87 ","610,69 ","48,07 ","22,31 ","11,52 "
2022-03-11,jueves,noviembre,34,"1.771,39 ","1.468,35 ","786,40 ","146,03 ","17,39 ","518,55 ","52,10 ","23,13 ","15,25 "
2022-04-11,viernes,noviembre,27,"1.555,43 ","1.289,46 ","733,98 ","110,43 ","15,48 ","429,57 ","57,61 ","27,18 ","15,91 "
2022-05-11,sbado,noviembre,24,"1.117,00 ","926,23 ","527,29 ","100,45 ","15,20 ","283,30 ","46,54 ","21,97 ","11,80 "
2022-06-11,domingo,noviembre,41,"2.260,68 ","1.871,75 ","1.030,99 ","178,05 ","27,99 ","634,78 ","55,14 ","25,15 ","15,48 "
2022-07-11,lunes,noviembre,32,"1.650,10 ","1.374,86 ","771,49 ","166,42 ","16,16 ","420,80 ","51,57 ","24,11 ","13,15 "
2022-08-11,martes,noviembre,34,"1.973,44 ","1.666,64 ","879,44 ","5.141,47 ","31,34 ","-4.385,60 ","58,04 ","25,87 ","-128,99 "
2022-09-11,mircoles,noviembre,33,"1.637,26 ","1.356,55 ","666,78 ","134,22 ","22,47 ","533,07 ","49,61 ","20,21 ","16,15 "
2022-10-11,jueves,noviembre,37,"2.243,29 ","1.871,31 ","1.058,87 ","177,46 ","27,36 ","607,65 ","60,63 ","28,62 ","16,42 "
2022-11-11,viernes,noviembre,26,"1.664,63 ","1.408,60 ","799,90 ","121,15 ","19,71 ","467,86 ","64,02 ","30,77 ","17,99 "
2022-12-11,sbado,noviembre,21,"1.952,74 ","902,53 ","475,08 ","96,21 ","19,31 ","308,89 ","92,99 ","22,62 ","14,71 "
2022-11-13,domingo,noviembre,26,"1.587,53 ","1.127,88 ","592,03 ","122,23 ","19,23 ","389,41 ","61,06 ","22,77 ","14,98 "
2022-11-14,lunes,noviembre,26,"1.397,62 ","1.151,30 ","560,41 ","113,04 ","15,78 ","459,46 ","53,75 ","21,55 ","17,67 "
2022-11-15,martes,noviembre,37,"2.075,89 ","1.724,15 ","840,67 ","139,14 ","27,09 ","717,25 ","56,11 ","22,72 ","19,39 "
2022-11-16,mircoles,noviembre,27,"1.678,40 ","1.357,41 ","758,32 ","106,69 ","34,87 ","455,17 ","62,16 ","28,09 ","16,86 "
2022-11-17,jueves,noviembre,28,"1.360,72 ","1.085,70 ","572,59 ","103,42 ","19,61 ","378,46 ","48,60 ","20,45 ","13,52 "
2022-11-18,viernes,noviembre,25,"2.033,20 ","1.698,15 ","934,24 ","5.094,39 ","46,51 ","-4.379,59 ","81,33 ","37,37 ","-175,18 "
2022-11-19,sbado,noviembre,18,"1.523,53 ","1.301,60 ","676,00 ","87,14 ","26,50 ","511,92 ","84,64 ","37,56 ","28,44 "
2022-11-20,domingo,noviembre,35,"1.946,69 ","1.632,60 ","808,57 ","123,72 ","36,83 ","663,49 ","55,62 ","23,10 ","18,96 "
2022-11-21,lunes,noviembre,66,"3.441,44 ","2.859,53 ","1.634,88 ","231,05 ","51,75 ","941,87 ","52,14 ","24,77 ","14,27 "
2022-11-22,martes,noviembre,37,"2.364,63 ","1.902,50 ","1.183,47 ","177,66 ","35,90 ","503,08 ","63,91 ","31,99 ","13,60 "
2022-11-23,mircoles,noviembre,48,"2.634,15 ","2.215,39 ","1.196,80 ","209,49 ","43,81 ","765,32 ","54,88 ","24,93 ","15,94 "
2022-11-24,jueves,noviembre,46,"1.995,78 ","1.619,35 ","810,34 ","142,12 ","26,62 ","637,66 ","43,39 ","17,62 ","13,86 "
2022-11-25,viernes,noviembre,90,"5.434,04 ","4.362,17 ","2.434,35 ","408,49 ","63,44 ","1.449,26 ","60,38 ","27,05 ","16,10 "
2022-11-26,sbado,noviembre,54,"3.738,59 ","3.111,04 ","1.650,46 ","254,31 ","47,56 ","1.158,68 ","69,23 ","30,56 ","21,46 "
2022-11-27,domingo,noviembre,57,"3.571,57 ","2.971,41 ","1.597,61 ","268,62 ","35,60 ","1.069,59 ","62,66 ","28,03 ","18,76 "
2022-11-28,lunes,noviembre,70,"3.784,52 ","3.138,27 ","1.957,35 ","261,60 ","54,75 ","864,53 ","54,06 ","27,96 ","12,35 "
2022-11-29,martes,noviembre,42,"2.413,09 ","1.953,60 ","1.268,41 ","215,05 ","38,66 ","428,86 ","57,45 ","30,20 ","10,21 "
2022-11-30,mircoles,noviembre,25,"1.033,92 ","849,55 ","446,66 ","93,67 ","14,20 ","295,03 ","41,36 ","17,87 ","11,80 "
2022-01-12,jueves,diciembre,33,"2.418,14 ","2.029,22 ","1.069,68 ","210,40 ","32,72 ","713,83 ","73,28 ","32,41 ","21,63 "
2022-02-12,viernes,diciembre,28,"1.510,16 ","1.250,09 ","691,39 ","127,68 ","13,73 ","417,29 ","53,93 ","24,69 ","14,90 "
2022-03-12,sbado,diciembre,21,"857,54 ","705,18 ","340,58 ","73,00 ","8,50 ","283,07 ","40,84 ","16,22 ","13,48 "
2022-04-12,domingo,diciembre,25,"1.400,05 ","1.155,50 ","631,79 ","99,02 ","20,68 ","404,03 ","56,00 ","25,27 ","16,16 "
2022-05-12,lunes,diciembre,34,"2.115,44 ","1.760,27 ","971,43 ","156,21 ","19,90 ","612,77 ","62,22 ","28,57 ","18,02 "
2022-06-12,martes,diciembre,35,"1.885,32 ","1.556,87 ","838,27 ","161,18 ","24,60 ","532,80 ","53,87 ","23,95 ","15,22 "
2022-07-12,mircoles,diciembre,22,"962,90 ","794,54 ","399,75 ","81,48 ","10,41 ","302,90 ","43,77 ","18,17 ","13,77 "
2022-08-12,jueves,diciembre,28,"1.261,90 ","1.056,92 ","583,87 ","142,95 ","18,07 ","312,02 ","45,07 ","20,85 ","11,14 "
2022-09-12,viernes,diciembre,25,"1.376,59 ","1.147,81 ","611,41 ","94,95 ","16,00 ","425,46 ","55,06 ","24,46 ","17,02 "
2022-10-12,sbado,diciembre,18,"1.236,86 ","1.043,50 ","549,17 ","90,36 ","19,84 ","384,13 ","68,71 ","30,51 ","21,34 "
2022-11-12,domingo,diciembre,23,"1.374,97 ","1.083,34 ","565,12 ","80,21 ","13,91 ","421,49 ","59,78 ","24,57 ","18,33 "
2022-12-12,lunes,diciembre,39,"1.826,43 ","1.521,09 ","748,16 ","152,92 ","27,44 ","592,56 ","46,83 ","19,18 ","15,19 "
2022-12-13,martes,diciembre,27,"1.502,21 ","1.218,42 ","703,81 ","78,56 ","15,05 ","417,68 ","55,64 ","26,07 ","15,47 "
2022-12-14,mircoles,diciembre,24,"1.298,97 ","1.068,98 ","600,05 ","137,85 ","16,46 ","314,63 ","54,12 ","25,00 ","13,11 "
2022-12-15,jueves,diciembre,24,"1.138,02 ","920,14 ","498,26 ","82,10 ","12,61 ","320,09 ","47,42 ","20,76 ","13,34 "
2022-12-16,viernes,diciembre,34,"1.814,45 ","1.508,98 ","894,84 ","125,00 ","25,26 ","463,89 ","53,37 ","26,32 ","13,64 "
2022-12-17,sbado,diciembre,22,"1.184,36 ","983,12 ","475,88 ","79,60 ","11,21 ","416,43 ","53,83 ","21,63 ","18,93 "
2022-12-18,domingo,diciembre,31,"1.986,02 ","1.651,27 ","1.014,37 ","131,37 ","24,56 ","481,00 ","64,07 ","32,72 ","15,52 "
2022-12-19,lunes,diciembre,34,"1.937,77 ","1.602,72 ","853,66 ","110,83 ","24,62 ","613,58 ","56,99 ","25,11 ","18,05 "
2022-12-20,martes,diciembre,34,"1.920,17 ","1.588,46 ","846,12 ","136,94 ","12,90 ","592,53 ","56,48 ","24,89 ","17,43 "
2022-12-21,mircoles,diciembre,30,"1.879,06 ","1.567,79 ","830,20 ","135,39 ","23,49 ","578,74 ","62,64 ","27,67 ","19,29 "
2022-12-22,jueves,diciembre,26,"1.457,36 ","1.222,52 ","627,02 ","98,73 ","19,62 ","477,14 ","56,05 ","24,12 ","18,35 "
2022-12-23,viernes,diciembre,25,"1.433,77 ","1.201,94 ","642,55 ","98,00 ","20,38 ","441,02 ","57,35 ","25,70 ","17,64 "
2022-12-24,sbado,diciembre,13,"731,65 ","614,95 ","304,21 ","49,28 ","10,32 ","251,15 ","56,28 ","23,40 ","19,32 "
2022-12-25,domingo,diciembre,16,"889,36 ","735,73 ","429,47 ","59,34 ","8,62 ","238,30 ","55,59 ","26,84 ","14,89 "
2022-12-26,lunes,diciembre,47,"3.545,18 ","2.940,01 ","1.567,36 ","179,84 ","36,89 ","1.155,91 ","75,43 ","33,35 ","24,59 "
2022-12-27,martes,diciembre,44,"2.425,11 ","2.017,84 ","1.106,38 ","157,38 ","33,87 ","720,25 ","55,12 ","25,15 ","16,37 "
2022-12-28,mircoles,diciembre,35,"1.798,95 ","1.506,94 ","696,78 ","139,49 ","38,69 ","629,37 ","51,40 ","19,91 ","17,98 "
2022-12-29,jueves,diciembre,28,"1.403,10 ","1.161,39 ","636,21 ","112,75 ","19,54 ","392,90 ","50,11 ","22,72 ","14,03 "
2022-12-30,viernes,diciembre,32,"2.412,47 ","2.019,46 ","1.164,93 ","128,06 ","39,55 ","686,92 ","75,39 ","36,40 ","21,47 "
2022-12-31,sbado,diciembre,12,"977,00 ","815,81 ","448,07 ","64,12 ","16,03 ","287,60 ","81,42 ","37,34 ","23,97 "
